<featureType>
  <id>FeatureTypeInfoImpl--3d19c1c3:18c5ac3b04a:-7fff</id>
  <name>objet</name>
  <nativeName>objet</nativeName>
  <namespace>
    <id>NamespaceInfoImpl-5395e66c:18c59285489:-7fff</id>
  </namespace>
  <title>objet</title>
  <keywords>
    <string>features</string>
    <string>objet</string>
  </keywords>
  <nativeCRS class="projected">PROJCS[&quot;WGS 84 / Pseudo-Mercator&quot;, &#xd;
  GEOGCS[&quot;WGS 84&quot;, &#xd;
    DATUM[&quot;World Geodetic System 1984&quot;, &#xd;
      SPHEROID[&quot;WGS 84&quot;, 6378137.0, 298.257223563, AUTHORITY[&quot;EPSG&quot;,&quot;7030&quot;]], &#xd;
      AUTHORITY[&quot;EPSG&quot;,&quot;6326&quot;]], &#xd;
    PRIMEM[&quot;Greenwich&quot;, 0.0, AUTHORITY[&quot;EPSG&quot;,&quot;8901&quot;]], &#xd;
    UNIT[&quot;degree&quot;, 0.017453292519943295], &#xd;
    AXIS[&quot;Geodetic longitude&quot;, EAST], &#xd;
    AXIS[&quot;Geodetic latitude&quot;, NORTH], &#xd;
    AUTHORITY[&quot;EPSG&quot;,&quot;4326&quot;]], &#xd;
  PROJECTION[&quot;Popular Visualisation Pseudo Mercator&quot;, AUTHORITY[&quot;EPSG&quot;,&quot;1024&quot;]], &#xd;
  PARAMETER[&quot;semi_minor&quot;, 6378137.0], &#xd;
  PARAMETER[&quot;latitude_of_origin&quot;, 0.0], &#xd;
  PARAMETER[&quot;central_meridian&quot;, 0.0], &#xd;
  PARAMETER[&quot;scale_factor&quot;, 1.0], &#xd;
  PARAMETER[&quot;false_easting&quot;, 0.0], &#xd;
  PARAMETER[&quot;false_northing&quot;, 0.0], &#xd;
  UNIT[&quot;m&quot;, 1.0], &#xd;
  AXIS[&quot;Easting&quot;, EAST], &#xd;
  AXIS[&quot;Northing&quot;, NORTH], &#xd;
  AUTHORITY[&quot;EPSG&quot;,&quot;3857&quot;]]</nativeCRS>
  <srs>EPSG:4326</srs>
  <nativeBoundingBox>
    <minx>139.758154302836</minx>
    <maxx>139.768513999879</maxx>
    <miny>35.7073357246638</miny>
    <maxy>35.7133227595303</maxy>
    <crs class="projected">EPSG:3857</crs>
  </nativeBoundingBox>
  <latLonBoundingBox>
    <minx>139.758154302836</minx>
    <maxx>139.768513999879</maxx>
    <miny>35.7073357246638</miny>
    <maxy>35.7133227595303</maxy>
    <crs>EPSG:4326</crs>
  </latLonBoundingBox>
  <projectionPolicy>FORCE_DECLARED</projectionPolicy>
  <enabled>true</enabled>
  <metadata>
    <entry key="cachingEnabled">false</entry>
  </metadata>
  <store class="dataStore">
    <id>DataStoreInfoImpl--3d19c1c3:18c5ac3b04a:-8000</id>
  </store>
  <serviceConfiguration>false</serviceConfiguration>
  <simpleConversionEnabled>false</simpleConversionEnabled>
  <internationalTitle/>
  <internationalAbstract/>
  <maxFeatures>0</maxFeatures>
  <numDecimals>0</numDecimals>
  <padWithZeros>false</padWithZeros>
  <forcedDecimal>false</forcedDecimal>
  <overridingServiceSRS>false</overridingServiceSRS>
  <skipNumberMatched>false</skipNumberMatched>
  <circularArcPresent>false</circularArcPresent>
</featureType>