<dataStore>
  <id>DataStoreInfoImpl--3d19c1c3:18c5ac3b04a:-8000</id>
  <name>escapeGames</name>
  <type>PostGIS</type>
  <enabled>true</enabled>
  <workspace>
    <id>WorkspaceInfoImpl-5395e66c:18c59285489:-8000</id>
  </workspace>
  <connectionParameters>
    <entry key="schema">public</entry>
    <entry key="Evictor run periodicity">300</entry>
    <entry key="Max open prepared statements">50</entry>
    <entry key="encode functions">true</entry>
    <entry key="Batch insert size">1</entry>
    <entry key="preparedStatements">false</entry>
    <entry key="database">postgres</entry>
    <entry key="host">localhost</entry>
    <entry key="Loose bbox">true</entry>
    <entry key="SSL mode">DISABLE</entry>
    <entry key="Estimated extends">true</entry>
    <entry key="fetch size">1000</entry>
    <entry key="Expose primary keys">false</entry>
    <entry key="validate connections">true</entry>
    <entry key="Support on the fly geometry simplification">true</entry>
    <entry key="Connection timeout">20</entry>
    <entry key="create database">false</entry>
    <entry key="Method used to simplify geometries">FAST</entry>
    <entry key="port">5432</entry>
    <entry key="passwd">crypt1:YO+w3w3eI+HufF6VNj7G/SD33oGMyWMe</entry>
    <entry key="min connections">1</entry>
    <entry key="dbtype">postgis</entry>
    <entry key="namespace">http://geoserver.org/escape1</entry>
    <entry key="max connections">10</entry>
    <entry key="Evictor tests per run">3</entry>
    <entry key="Test while idle">true</entry>
    <entry key="user">postgres</entry>
    <entry key="Max connection idle time">300</entry>
  </connectionParameters>
  <__default>false</__default>
  <dateCreated>2023-12-11 21:23:43.305 UTC</dateCreated>
  <dateModified>2023-12-16 10:03:25.616 UTC</dateModified>
  <disableOnConnFailure>false</disableOnConnFailure>
</dataStore>